workers,data_variant,input_rows,total_s,etl_s,session_s,funnel_s,attr_s,anom_s,etl_write_s,session_refs_s,join_s,attr_write_s,daily_anom_s,cat_anom_s,orders_attr,sys_anomalies,cat_anomalies,rows_per_sec,funnel_daily_rows
2,1gb,8491904,673.6,128.1,98.2,74.7,42.3,24.5,223.1,20.0,22.3,23.7,5.5,19.0,100852,8,305,12607,28460
2,5gb,42448764,1021.8,125.2,313.2,78.2,72.2,21.1,300.4,28.1,44.1,45.0,5.2,15.8,525580,6,458,41543,29958
2,10gb,84897528,1378.9,,,,,,477.2,413.8,122.0,128.2,6.0,17.2,1051458,6,460,61569,
4,1gb,8491904,282.4,,,,,,101.4,37.2,15.1,16.7,5.1,13.5,100852,8,305,30070,
4,5gb,42448764,569.0,,,,,,174.4,143.3,54.4,61.4,6.0,16.0,525580,6,458,74602,
4,10gb,84897528,799.8,,,,,,264.3,220.5,67.3,75.2,4.6,12.2,1051458,6,460,106148,
5,1gb,8491904,256.9,,,,,,88.7,34.5,14.2,14.6,4.9,13.3,100852,8,305,33055,
5,5gb,42448764,409.7,,,,,,123.0,110.3,33.3,36.9,4.4,11.4,525580,6,458,103609,
5,10gb,84897528,674.0,,,,,,223.9,185.2,58.1,63.5,4.3,11.6,1051458,6,460,125961,
